player,opponent,games,p_elo,p_bayes,ci_lower,ci_upper,uncertainty,signal
wbc1211,wbcdistilfire,1,0.4793,0.4,0.0676,0.8059,0.7383,-0.0793
wbc1211,wbclojzeidon,1,0.4222,0.4,0.0676,0.8059,0.7383,-0.0222
wbc1211,wbcperoxid,1,0.4996,0.4,0.0676,0.8059,0.7383,-0.0996
wbc1211,wbcadelstepan,1,0.4796,0.4,0.0676,0.8059,0.7383,-0.0796
wbc1211,wbcskoupy,1,0.5033,0.4,0.0676,0.8059,0.7383,-0.1033
wbc1211,wbcvotocek,1,0.4572,0.4,0.0676,0.8059,0.7383,-0.0572
wbc366,wbca,1,0.3732,0.4,0.0676,0.8059,0.7383,0.0268
wbc366,wbcc,1,0.3817,0.4,0.0676,0.8059,0.7383,0.0183
wbc366,wbcd,1,0.3711,0.4,0.0676,0.8059,0.7383,0.0289
wbc3ifndef,wbcfojtman,1,0.5748,0.6,0.1941,0.9324,0.7383,0.0252
wbc3ifndef,wbcpiggi,1,0.5983,0.6,0.1941,0.9324,0.7383,0.0017
wbc3ifndef,wbctasemnice,1,0.5449,0.6,0.1941,0.9324,0.7383,0.0551
wbc3ifndef,wbcgenghis,1,0.5429,0.6,0.1941,0.9324,0.7383,0.0571
wbc3ifndef,wbcmichi,1,0.5655,0.6,0.1941,0.9324,0.7383,0.0345
wbc3ifndef,wbcnirvana,1,0.5651,0.6,0.1941,0.9324,0.7383,0.0349
wbc3ifndef,wbcrostas,1,0.5428,0.6,0.1941,0.9324,0.7383,0.0572
wbc3ifndef,wbcbeetle,1,0.4572,0.4,0.0676,0.8059,0.7383,-0.0572
wbc3ifndef,wbcpuholek,1,0.4474,0.4,0.0676,0.8059,0.7383,-0.0474
wbc3ifndef,wbcquantum,1,0.4665,0.4,0.0676,0.8059,0.7383,-0.0665
wbc3ifndef,wbcg3m,1,0.4424,0.4,0.0676,0.8059,0.7383,-0.0424
wbca,wbc366,1,0.6268,0.6,0.1941,0.9324,0.7383,-0.0268
wbca,wbcbogimp,1,0.5643,0.6,0.1941,0.9324,0.7383,0.0357
wbca,wbckakosik,1,0.6256,0.6,0.1941,0.9324,0.7383,-0.0256
wbca,wbcset,1,0.5645,0.6,0.1941,0.9324,0.7383,0.0355
wbca,wbcuida,1,0.5941,0.6,0.1941,0.9324,0.7383,0.0059
wbca,wbcyu20,1,0.5439,0.6,0.1941,0.9324,0.7383,0.0561
wbca,wbciron,1,0.5409,0.6,0.1941,0.9324,0.7383,0.0591
wbca,wbcmark,1,0.5652,0.5,0.0943,0.9057,0.8114,-0.0652
wbca,wbczoli,1,0.4781,0.4,0.0676,0.8059,0.7383,-0.0781
wbcadelstepan,wbc1211,1,0.5204,0.6,0.1941,0.9324,0.7383,0.0796
wbcadelstepan,wbcg3m,1,0.3667,0.4,0.0676,0.8059,0.7383,0.0333
wbcadelstepan,wbcgenghis,1,0.4644,0.4,0.0676,0.8059,0.7383,-0.0644
wbcadelstepan,wbcmichi,1,0.4872,0.4,0.0676,0.8059,0.7383,-0.0872
wbcadelstepan,wbcnguyenminh,1,0.3818,0.4,0.0676,0.8059,0.7383,0.0182
wbcadelstepan,wbcplayer,1,0.4215,0.4,0.0676,0.8059,0.7383,-0.0215
wbcalleb,wbcangst,1,0.5702,0.6,0.1941,0.9324,0.7383,0.0298
wbcalleb,wbccrosslet,1,0.6004,0.6,0.1941,0.9324,0.7383,-0.0004
wbcalleb,wbcsiwer,1,0.5488,0.6,0.1941,0.9324,0.7383,0.0512
wbcalleb,wbccoldmind,1,0.5685,0.6,0.1941,0.9324,0.7383,0.0315
wbcalleb,wbcgeordie,1,0.5834,0.6,0.1941,0.9324,0.7383,0.0166
wbcalleb,wbcseabow,1,0.6026,0.6,0.1941,0.9324,0.7383,-0.0026
wbcalleb,wbckremufka,1,0.52,0.4,0.0676,0.8059,0.7383,-0.12
wbcalleb,wbcmatiss,1,0.4723,0.4,0.0676,0.8059,0.7383,-0.0723
wbcangst,wbcperoxid,1,0.5339,0.6,0.1941,0.9324,0.7383,0.0661
wbcangst,wbcdistilfire,1,0.5137,0.5,0.0943,0.9057,0.8114,-0.0137
wbcangst,wbcalleb,1,0.4298,0.4,0.0676,0.8059,0.7383,-0.0298
wbcangst,wbcfurla,1,0.4194,0.4,0.0676,0.8059,0.7383,-0.0194
wbcangst,wbclojzeidon,1,0.4561,0.4,0.0676,0.8059,0.7383,-0.0561
wbcangst,wbcmk108,1,0.4475,0.4,0.0676,0.8059,0.7383,-0.0475
wbcashot,wbcuida,1,0.5475,0.6,0.1941,0.9324,0.7383,0.0525
wbcashot,wbcyu20,1,0.4964,0.6,0.1941,0.9324,0.7383,0.1036
wbcashot,wbcpangbai,1,0.5081,0.5,0.0943,0.9057,0.8114,-0.0081
wbcashot,wbcmk108,1,0.495,0.4,0.0676,0.8059,0.7383,-0.095
wbcasz,wbccsaba,1,0.5536,0.6,0.1941,0.9324,0.7383,0.0464
wbcasz,wbckaktuszka,1,0.5542,0.6,0.1941,0.9324,0.7383,0.0458
wbcasz,wbctorpe,1,0.5543,0.6,0.1941,0.9324,0.7383,0.0457
wbcasz,wbcciaran,1,0.4053,0.4,0.0676,0.8059,0.7383,-0.0053
wbcasz,wbciwbtc,1,0.4254,0.4,0.0676,0.8059,0.7383,-0.0254
wbcasz,wbcmark,1,0.4591,0.4,0.0676,0.8059,0.7383,-0.0591
wbcasz,wbcmartez,1,0.4238,0.4,0.0676,0.8059,0.7383,-0.0238
wbcasz,wbcnguyenminh,1,0.3843,0.4,0.0676,0.8059,0.7383,0.0157
wbcasz,wbcplayer,1,0.424,0.4,0.0676,0.8059,0.7383,-0.024
wbcasz,wbczoli,1,0.3742,0.4,0.0676,0.8059,0.7383,0.0258
wbcbb,wbcdeafbat,1,0.5627,0.6,0.1941,0.9324,0.7383,0.0373
wbcbb,wbcpurkys,1,0.6353,0.6,0.1941,0.9324,0.7383,-0.0353
wbcbb,wbcshpek,1,0.5617,0.6,0.1941,0.9324,0.7383,0.0383
wbcbb,wbcdistilfire,1,0.6072,0.6,0.1941,0.9324,0.7383,-0.0072
wbcbb,wbclojzeidon,1,0.5511,0.6,0.1941,0.9324,0.7383,0.0489
wbcbb,wbcperoxid,1,0.6264,0.6,0.1941,0.9324,0.7383,-0.0264
wbcbeetle,wbc3ifndef,1,0.5428,0.6,0.1941,0.9324,0.7383,0.0572
wbcbeetle,wbcdeafbat,1,0.5748,0.6,0.1941,0.9324,0.7383,0.0252
wbcbeetle,wbcpurkys,1,0.6467,0.6,0.1941,0.9324,0.7383,-0.0467
wbcbeetle,wbcshpek,1,0.5739,0.6,0.1941,0.9324,0.7383,0.0261
wbcbeetle,wbcdistilfire,1,0.619,0.6,0.1941,0.9324,0.7383,-0.019
wbcbeetle,wbciwbtc,1,0.5438,0.6,0.1941,0.9324,0.7383,0.0562
wbcbeetle,wbcmartez,1,0.5421,0.6,0.1941,0.9324,0.7383,0.0579
wbcbogimp,wbccoldmind,1,0.5289,0.6,0.1941,0.9324,0.7383,0.0711
wbcbogimp,wbcgeordie,1,0.5441,0.6,0.1941,0.9324,0.7383,0.0559
wbcbogimp,wbcrichi,1,0.5668,0.6,0.1941,0.9324,0.7383,0.0332
wbcbogimp,wbca,1,0.4357,0.4,0.0676,0.8059,0.7383,-0.0357
wbcbogimp,wbcc,1,0.4447,0.4,0.0676,0.8059,0.7383,-0.0447
wbcbogimp,wbcd,1,0.4336,0.4,0.0676,0.8059,0.7383,-0.0336
wbcbromozel,wbccoldmind,1,0.5909,0.6,0.1941,0.9324,0.7383,0.0091
wbcbromozel,wbcfuzaty,1,0.6035,0.6,0.1941,0.9324,0.7383,-0.0035
wbcbromozel,wbcseabow,1,0.6244,0.6,0.1941,0.9324,0.7383,-0.0244
wbcbromozel,wbcheater,1,0.5345,0.5,0.0943,0.9057,0.8114,-0.0345
wbcc,wbc366,1,0.6183,0.6,0.1941,0.9324,0.7383,-0.0183
wbcc,wbcbogimp,1,0.5553,0.6,0.1941,0.9324,0.7383,0.0447
wbcc,wbckakosik,1,0.6171,0.6,0.1941,0.9324,0.7383,-0.0171
wbcc,wbcset,1,0.5556,0.6,0.1941,0.9324,0.7383,0.0444
wbcc,wbcuida,1,0.5854,0.6,0.1941,0.9324,0.7383,0.0146
wbcc,wbciron,1,0.5319,0.6,0.1941,0.9324,0.7383,0.0681
wbcc,wbcmark,1,0.5563,0.6,0.1941,0.9324,0.7383,0.0437
wbcc,wbcyu20,1,0.5349,0.4,0.0676,0.8059,0.7383,-0.1349
wbcc,wbczoli,1,0.4691,0.4,0.0676,0.8059,0.7383,-0.0691
wbcciaran,wbcasz,1,0.5947,0.6,0.1941,0.9324,0.7383,0.0053
wbcciaran,wbcfojtman,1,0.594,0.6,0.1941,0.9324,0.7383,0.006
wbcciaran,wbclasek,1,0.5358,0.6,0.1941,0.9324,0.7383,0.0642
wbcciaran,wbcnirvana,1,0.5844,0.6,0.1941,0.9324,0.7383,0.0156
wbcciaran,wbcwonderwall,1,0.5536,0.6,0.1941,0.9324,0.7383,0.0464
wbcciaran,wbctasemnice,1,0.5644,0.5,0.0943,0.9057,0.8114,-0.0644
wbccoldmind,wbcpurkys,1,0.5451,0.6,0.1941,0.9324,0.7383,0.0549
wbccoldmind,wbckakosik,1,0.5348,0.6,0.1941,0.9324,0.7383,0.0652
wbccoldmind,wbcdeafbat,1,0.4695,0.5,0.0943,0.9057,0.8114,0.0305
wbccoldmind,wbcshpek,1,0.4685,0.5,0.0943,0.9057,0.8114,0.0315
wbccoldmind,wbcbogimp,1,0.4711,0.4,0.0676,0.8059,0.7383,-0.0711
wbccoldmind,wbcalleb,1,0.4315,0.4,0.0676,0.8059,0.7383,-0.0315
wbccoldmind,wbcbromozel,1,0.4091,0.4,0.0676,0.8059,0.7383,-0.0091
wbccoldmind,wbcfurla,1,0.4211,0.4,0.0676,0.8059,0.7383,-0.0211
wbccoldmind,wbcset,1,0.4714,0.4,0.0676,0.8059,0.7383,-0.0714
wbccrosslet,wbcalleb,1,0.3996,0.4,0.0676,0.8059,0.7383,0.0004
wbccrosslet,wbcfurla,1,0.3895,0.4,0.0676,0.8059,0.7383,0.0105
wbccrosslet,wbcmk108,1,0.417,0.4,0.0676,0.8059,0.7383,-0.017
wbccsaba,wbcasz,1,0.4464,0.4,0.0676,0.8059,0.7383,-0.0464
wbccsaba,wbclasek,1,0.3881,0.4,0.0676,0.8059,0.7383,0.0119
wbccsaba,wbcnirvana,1,0.4359,0.4,0.0676,0.8059,0.7383,-0.0359
wbccsaba,wbcpangbai,1,0.3967,0.4,0.0676,0.8059,0.7383,0.0033
wbccsaba,wbcuida,1,0.4352,0.4,0.0676,0.8059,0.7383,-0.0352
wbccsaba,wbcyu20,1,0.3856,0.4,0.0676,0.8059,0.7383,0.0144
wbccsaba,wbcfojtman,1,0.4457,0.4,0.0676,0.8059,0.7383,-0.0457
wbccsaba,wbctasemnice,1,0.4159,0.4,0.0676,0.8059,0.7383,-0.0159
wbccsaba,wbcwonderwall,1,0.4053,0.4,0.0676,0.8059,0.7383,-0.0053
wbcd,wbc366,1,0.6289,0.6,0.1941,0.9324,0.7383,-0.0289
wbcd,wbcbogimp,1,0.5664,0.6,0.1941,0.9324,0.7383,0.0336
wbcd,wbchajnal,1,0.5654,0.6,0.1941,0.9324,0.7383,0.0346
wbcd,wbcset,1,0.5667,0.6,0.1941,0.9324,0.7383,0.0333
wbcd,wbcuida,1,0.5962,0.6,0.1941,0.9324,0.7383,0.0038
wbcd,wbciron,1,0.5431,0.6,0.1941,0.9324,0.7383,0.0569
wbcd,wbcmark,1,0.5674,0.6,0.1941,0.9324,0.7383,0.0326
wbcd,wbcyu20,1,0.5461,0.5,0.0943,0.9057,0.8114,-0.0461
wbcd,wbczoli,1,0.4803,0.4,0.0676,0.8059,0.7383,-0.0803
wbcdeafbat,wbcgenghis,1,0.5105,0.6,0.1941,0.9324,0.7383,0.0895
wbcdeafbat,wbcmichi,1,0.5333,0.6,0.1941,0.9324,0.7383,0.0667
wbcdeafbat,wbcgeordie,1,0.5456,0.6,0.1941,0.9324,0.7383,0.0544
wbcdeafbat,wbcrichi,1,0.5684,0.6,0.1941,0.9324,0.7383,0.0316
wbcdeafbat,wbccoldmind,1,0.5305,0.5,0.0943,0.9057,0.8114,-0.0305
wbcdeafbat,wbcbb,1,0.4373,0.4,0.0676,0.8059,0.7383,-0.0373
wbcdeafbat,wbcbeetle,1,0.4252,0.4,0.0676,0.8059,0.7383,-0.0252
wbcdeafbat,wbcg3m,1,0.4106,0.4,0.0676,0.8059,0.7383,-0.0106
wbcdeafbat,wbcpuholek,1,0.4155,0.4,0.0676,0.8059,0.7383,-0.0155
wbcdistilfire,wbc1211,1,0.5207,0.6,0.1941,0.9324,0.7383,0.0793
wbcdistilfire,wbcplayer,1,0.4218,0.6,0.1941,0.9324,0.7383,0.1782
wbcdistilfire,wbcangst,1,0.4863,0.5,0.0943,0.9057,0.8114,0.0137
wbcdistilfire,wbcbb,1,0.3928,0.4,0.0676,0.8059,0.7383,0.0072
wbcdistilfire,wbcbeetle,1,0.381,0.4,0.0676,0.8059,0.7383,0.019
wbcdistilfire,wbcpeaceman,1,0.4359,0.4,0.0676,0.8059,0.7383,-0.0359
wbcdistilfire,wbcquantum,1,0.3899,0.4,0.0676,0.8059,0.7383,0.0101
wbcdistilfire,wbcsiwer,1,0.4647,0.4,0.0676,0.8059,0.7383,-0.0647
wbcdistilfire,wbcnguyenminh,1,0.3821,0.4,0.0676,0.8059,0.7383,0.0179
wbcfojtman,wbccsaba,1,0.5543,0.6,0.1941,0.9324,0.7383,0.0457
wbcfojtman,wbctorpe,1,0.555,0.6,0.1941,0.9324,0.7383,0.045
wbcfojtman,wbc3ifndef,1,0.4252,0.4,0.0676,0.8059,0.7383,-0.0252
wbcfojtman,wbcciaran,1,0.406,0.4,0.0676,0.8059,0.7383,-0.006
wbcfojtman,wbciron,1,0.4355,0.4,0.0676,0.8059,0.7383,-0.0355
wbcfojtman,wbczoli,1,0.3749,0.4,0.0676,0.8059,0.7383,0.0251
wbcfojtman,wbciwbtc,1,0.4261,0.4,0.0676,0.8059,0.7383,-0.0261
wbcfojtman,wbcmartez,1,0.4245,0.4,0.0676,0.8059,0.7383,-0.0245
wbcfurla,wbccoldmind,1,0.5789,0.6,0.1941,0.9324,0.7383,0.0211
wbcfurla,wbcangst,1,0.5806,0.6,0.1941,0.9324,0.7383,0.0194
wbcfurla,wbccrosslet,1,0.6105,0.6,0.1941,0.9324,0.7383,-0.0105
wbcfurla,wbckremufka,1,0.5306,0.6,0.1941,0.9324,0.7383,0.0694
wbcfurla,wbcfuzaty,1,0.5916,0.6,0.1941,0.9324,0.7383,0.0084
wbcfurla,wbcseabow,1,0.6127,0.6,0.1941,0.9324,0.7383,-0.0127
wbcfurla,wbcheater,1,0.5221,0.5,0.0943,0.9057,0.8114,-0.0221
wbcfurla,wbcsiwer,1,0.5593,0.5,0.0943,0.9057,0.8114,-0.0593
wbcfurla,wbcmatiss,1,0.4829,0.4,0.0676,0.8059,0.7383,-0.0829
wbcfuzaty,wbcbromozel,1,0.3965,0.4,0.0676,0.8059,0.7383,0.0035
wbcfuzaty,wbcfurla,1,0.4084,0.4,0.0676,0.8059,0.7383,-0.0084
wbcg3m,wbcadelstepan,1,0.6333,0.6,0.1941,0.9324,0.7383,-0.0333
wbcg3m,wbcdeafbat,1,0.5894,0.6,0.1941,0.9324,0.7383,0.0106
wbcg3m,wbc3ifndef,1,0.5576,0.6,0.1941,0.9324,0.7383,0.0424
wbcg3m,wbciwbtc,1,0.5586,0.6,0.1941,0.9324,0.7383,0.0414
wbcg3m,wbcmartez,1,0.5569,0.6,0.1941,0.9324,0.7383,0.0431
wbcg3m,wbcpurkys,1,0.6602,0.6,0.1941,0.9324,0.7383,-0.0602
wbcg3m,wbcshpek,1,0.5884,0.6,0.1941,0.9324,0.7383,0.0116
wbcg3m,wbcskoupy,1,0.655,0.6,0.1941,0.9324,0.7383,-0.055
wbcg3m,wbcvotocek,1,0.6122,0.6,0.1941,0.9324,0.7383,-0.0122
wbcgenghis,wbcadelstepan,1,0.5356,0.6,0.1941,0.9324,0.7383,0.0644
wbcgenghis,wbcpurkys,1,0.5648,0.6,0.1941,0.9324,0.7383,0.0352
wbcgenghis,wbcskoupy,1,0.5592,0.6,0.1941,0.9324,0.7383,0.0408
wbcgenghis,wbcvotocek,1,0.5132,0.6,0.1941,0.9324,0.7383,0.0868
wbcgenghis,wbcdeafbat,1,0.4895,0.4,0.0676,0.8059,0.7383,-0.0895
wbcgenghis,wbc3ifndef,1,0.4571,0.4,0.0676,0.8059,0.7383,-0.0571
wbcgenghis,wbciwbtc,1,0.4581,0.4,0.0676,0.8059,0.7383,-0.0581
wbcgenghis,wbcmartez,1,0.4564,0.4,0.0676,0.8059,0.7383,-0.0564
wbcgenghis,wbcshpek,1,0.4885,0.4,0.0676,0.8059,0.7383,-0.0885
wbcgeordie,wbcpurkys,1,0.5299,0.6,0.1941,0.9324,0.7383,0.0701
wbcgeordie,wbckakosik,1,0.5196,0.5,0.0943,0.9057,0.8114,-0.0196
wbcgeordie,wbcbogimp,1,0.4559,0.4,0.0676,0.8059,0.7383,-0.0559
wbcgeordie,wbcalleb,1,0.4166,0.4,0.0676,0.8059,0.7383,-0.0166
wbcgeordie,wbcdeafbat,1,0.4544,0.4,0.0676,0.8059,0.7383,-0.0544
wbcgeordie,wbcshpek,1,0.4534,0.4,0.0676,0.8059,0.7383,-0.0534
wbcgeordie,wbcset,1,0.4562,0.4,0.0676,0.8059,0.7383,-0.0562
wbchajnal,wbcrichi,1,0.5678,0.6,0.1941,0.9324,0.7383,0.0322
wbchajnal,wbcd,1,0.4346,0.4,0.0676,0.8059,0.7383,-0.0346
wbcheater,wbcmk108,1,0.5065,0.6,0.1941,0.9324,0.7383,0.0935
wbcheater,wbcbromozel,1,0.4655,0.5,0.0943,0.9057,0.8114,0.0345
wbcheater,wbcfurla,1,0.4779,0.5,0.0943,0.9057,0.8114,0.0221
wbciron,wbcfojtman,1,0.5645,0.6,0.1941,0.9324,0.7383,0.0355
wbciron,wbcnirvana,1,0.5548,0.6,0.1941,0.9324,0.7383,0.0452
wbciron,wbcrostas,1,0.5323,0.6,0.1941,0.9324,0.7383,0.0677
wbciron,wbctasemnice,1,0.5345,0.6,0.1941,0.9324,0.7383,0.0655
wbciron,wbcwonderwall,1,0.5236,0.6,0.1941,0.9324,0.7383,0.0764
wbciron,wbca,1,0.4591,0.4,0.0676,0.8059,0.7383,-0.0591
wbciron,wbcc,1,0.4681,0.4,0.0676,0.8059,0.7383,-0.0681
wbciron,wbcd,1,0.4569,0.4,0.0676,0.8059,0.7383,-0.0569
wbciwbtc,wbcasz,1,0.5746,0.6,0.1941,0.9324,0.7383,0.0254
wbciwbtc,wbcgenghis,1,0.5419,0.6,0.1941,0.9324,0.7383,0.0581
wbciwbtc,wbcfojtman,1,0.5739,0.6,0.1941,0.9324,0.7383,0.0261
wbciwbtc,wbcpiggi,1,0.5973,0.6,0.1941,0.9324,0.7383,0.0027
wbciwbtc,wbctasemnice,1,0.5439,0.6,0.1941,0.9324,0.7383,0.0561
wbciwbtc,wbcmichi,1,0.5645,0.6,0.1941,0.9324,0.7383,0.0355
wbciwbtc,wbcnirvana,1,0.5641,0.6,0.1941,0.9324,0.7383,0.0359
wbciwbtc,wbcg3m,1,0.4414,0.4,0.0676,0.8059,0.7383,-0.0414
wbciwbtc,wbcbeetle,1,0.4562,0.4,0.0676,0.8059,0.7383,-0.0562
wbciwbtc,wbcpuholek,1,0.4464,0.4,0.0676,0.8059,0.7383,-0.0464
wbciwbtc,wbcquantum,1,0.4655,0.4,0.0676,0.8059,0.7383,-0.0655
wbckakosik,wbcgeordie,1,0.4804,0.5,0.0943,0.9057,0.8114,0.0196
wbckakosik,wbca,1,0.3744,0.4,0.0676,0.8059,0.7383,0.0256
wbckakosik,wbcc,1,0.3829,0.4,0.0676,0.8059,0.7383,0.0171
wbckakosik,wbccoldmind,1,0.4652,0.4,0.0676,0.8059,0.7383,-0.0652
wbckaktuszka,wbcasz,1,0.4458,0.4,0.0676,0.8059,0.7383,-0.0458
wbckaktuszka,wbclasek,1,0.3875,0.4,0.0676,0.8059,0.7383,0.0125
wbckaktuszka,wbcnirvana,1,0.4353,0.4,0.0676,0.8059,0.7383,-0.0353
wbckaktuszka,wbcpangbai,1,0.3962,0.4,0.0676,0.8059,0.7383,0.0038
wbckaktuszka,wbcuida,1,0.4346,0.4,0.0676,0.8059,0.7383,-0.0346
wbckaktuszka,wbcyu20,1,0.3851,0.4,0.0676,0.8059,0.7383,0.0149
wbckaktuszka,wbcpiggi,1,0.4691,0.4,0.0676,0.8059,0.7383,-0.0691
wbckaktuszka,wbctasemnice,1,0.4153,0.4,0.0676,0.8059,0.7383,-0.0153
wbckaktuszka,wbcwonderwall,1,0.4048,0.4,0.0676,0.8059,0.7383,-0.0048
wbckremufka,wbcalleb,1,0.48,0.6,0.1941,0.9324,0.7383,0.12
wbckremufka,wbcpangbai,1,0.5111,0.6,0.1941,0.9324,0.7383,0.0889
wbckremufka,wbcuida,1,0.5505,0.6,0.1941,0.9324,0.7383,0.0495
wbckremufka,wbcfurla,1,0.4694,0.4,0.0676,0.8059,0.7383,-0.0694
wbckremufka,wbcyu20,1,0.4994,0.4,0.0676,0.8059,0.7383,-0.0994
wbclasek,wbccsaba,1,0.6119,0.6,0.1941,0.9324,0.7383,-0.0119
wbclasek,wbckaktuszka,1,0.6125,0.6,0.1941,0.9324,0.7383,-0.0125
wbclasek,wbcmulan,1,0.5827,0.6,0.1941,0.9324,0.7383,0.0173
wbclasek,wbcciaran,1,0.4642,0.4,0.0676,0.8059,0.7383,-0.0642
wbclasek,wbcmartez,1,0.4832,0.4,0.0676,0.8059,0.7383,-0.0832
wbclojzeidon,wbc1211,1,0.5778,0.6,0.1941,0.9324,0.7383,0.0222
wbclojzeidon,wbcangst,1,0.5439,0.6,0.1941,0.9324,0.7383,0.0561
wbclojzeidon,wbcpeaceman,1,0.4932,0.6,0.1941,0.9324,0.7383,0.1068
wbclojzeidon,wbcsiwer,1,0.5223,0.6,0.1941,0.9324,0.7383,0.0777
wbclojzeidon,wbcplayer,1,0.4789,0.6,0.1941,0.9324,0.7383,0.1211
wbclojzeidon,wbcbb,1,0.4489,0.4,0.0676,0.8059,0.7383,-0.0489
wbclojzeidon,wbcpuholek,1,0.427,0.4,0.0676,0.8059,0.7383,-0.027
wbclojzeidon,wbcquantum,1,0.446,0.4,0.0676,0.8059,0.7383,-0.046
wbclojzeidon,wbcnguyenminh,1,0.4379,0.4,0.0676,0.8059,0.7383,-0.0379
wbcmark,wbcasz,1,0.5409,0.6,0.1941,0.9324,0.7383,0.0591
wbcmark,wbcpiggi,1,0.5641,0.6,0.1941,0.9324,0.7383,0.0359
wbcmark,wbca,1,0.4348,0.5,0.0943,0.9057,0.8114,0.0652
wbcmark,wbcc,1,0.4437,0.4,0.0676,0.8059,0.7383,-0.0437
wbcmark,wbcd,1,0.4326,0.4,0.0676,0.8059,0.7383,-0.0326
wbcmartez,wbcasz,1,0.5762,0.6,0.1941,0.9324,0.7383,0.0238
wbcmartez,wbcgenghis,1,0.5436,0.6,0.1941,0.9324,0.7383,0.0564
wbcmartez,wbclasek,1,0.5168,0.6,0.1941,0.9324,0.7383,0.0832
wbcmartez,wbcfojtman,1,0.5755,0.6,0.1941,0.9324,0.7383,0.0245
wbcmartez,wbcpiggi,1,0.599,0.6,0.1941,0.9324,0.7383,0.001
wbcmartez,wbctasemnice,1,0.5456,0.6,0.1941,0.9324,0.7383,0.0544
wbcmartez,wbcmichi,1,0.5662,0.6,0.1941,0.9324,0.7383,0.0338
wbcmartez,wbcg3m,1,0.4431,0.4,0.0676,0.8059,0.7383,-0.0431
wbcmartez,wbcbeetle,1,0.4579,0.4,0.0676,0.8059,0.7383,-0.0579
wbcmartez,wbcpuholek,1,0.4481,0.4,0.0676,0.8059,0.7383,-0.0481
wbcmartez,wbcquantum,1,0.4672,0.4,0.0676,0.8059,0.7383,-0.0672
wbcmatiss,wbcalleb,1,0.5277,0.6,0.1941,0.9324,0.7383,0.0723
wbcmatiss,wbcfurla,1,0.5171,0.6,0.1941,0.9324,0.7383,0.0829
wbcmatiss,wbcmk108,1,0.5456,0.6,0.1941,0.9324,0.7383,0.0544
wbcmatiss,wbcpangbai,1,0.5586,0.6,0.1941,0.9324,0.7383,0.0414
wbcmatiss,wbcuida,1,0.5972,0.6,0.1941,0.9324,0.7383,0.0028
wbcmatiss,wbcyu20,1,0.5471,0.6,0.1941,0.9324,0.7383,0.0529
wbcmichi,wbcadelstepan,1,0.5128,0.6,0.1941,0.9324,0.7383,0.0872
wbcmichi,wbcpurkys,1,0.5422,0.6,0.1941,0.9324,0.7383,0.0578
wbcmichi,wbcskoupy,1,0.5365,0.6,0.1941,0.9324,0.7383,0.0635
wbcmichi,wbcdeafbat,1,0.4667,0.4,0.0676,0.8059,0.7383,-0.0667
wbcmichi,wbc3ifndef,1,0.4345,0.4,0.0676,0.8059,0.7383,-0.0345
wbcmichi,wbciwbtc,1,0.4355,0.4,0.0676,0.8059,0.7383,-0.0355
wbcmichi,wbcmartez,1,0.4338,0.4,0.0676,0.8059,0.7383,-0.0338
wbcmichi,wbcshpek,1,0.4657,0.4,0.0676,0.8059,0.7383,-0.0657
wbcmichi,wbcvotocek,1,0.4904,0.4,0.0676,0.8059,0.7383,-0.0904
wbcmk108,wbcangst,1,0.5525,0.6,0.1941,0.9324,0.7383,0.0475
wbcmk108,wbcashot,1,0.505,0.6,0.1941,0.9324,0.7383,0.095
wbcmk108,wbccrosslet,1,0.583,0.6,0.1941,0.9324,0.7383,0.017
wbcmk108,wbcsiwer,1,0.5309,0.6,0.1941,0.9324,0.7383,0.0691
wbcmk108,wbcheater,1,0.4935,0.4,0.0676,0.8059,0.7383,-0.0935
wbcmk108,wbcmatiss,1,0.4544,0.4,0.0676,0.8059,0.7383,-0.0544
wbcmulan,wbclasek,1,0.4173,0.4,0.0676,0.8059,0.7383,-0.0173
wbcmulan,wbcnirvana,1,0.4659,0.4,0.0676,0.8059,0.7383,-0.0659
wbcmulan,wbcrostas,1,0.4435,0.4,0.0676,0.8059,0.7383,-0.0435
wbcnguyenminh,wbcadelstepan,1,0.6182,0.6,0.1941,0.9324,0.7383,-0.0182
wbcnguyenminh,wbcasz,1,0.6157,0.6,0.1941,0.9324,0.7383,-0.0157
wbcnguyenminh,wbcdistilfire,1,0.6179,0.6,0.1941,0.9324,0.7383,-0.0179
wbcnguyenminh,wbclojzeidon,1,0.5621,0.6,0.1941,0.9324,0.7383,0.0379
wbcnguyenminh,wbcnirvana,1,0.6056,0.6,0.1941,0.9324,0.7383,-0.0056
wbcnguyenminh,wbcrostas,1,0.5838,0.6,0.1941,0.9324,0.7383,0.0162
wbcnguyenminh,wbcvotocek,1,0.5968,0.6,0.1941,0.9324,0.7383,0.0032
wbcnguyenminh,wbcperoxid,1,0.6369,0.5,0.0943,0.9057,0.8114,-0.1369
wbcnirvana,wbccsaba,1,0.5641,0.6,0.1941,0.9324,0.7383,0.0359
wbcnirvana,wbckaktuszka,1,0.5647,0.6,0.1941,0.9324,0.7383,0.0353
wbcnirvana,wbcmulan,1,0.5341,0.6,0.1941,0.9324,0.7383,0.0659
wbcnirvana,wbctorpe,1,0.5648,0.6,0.1941,0.9324,0.7383,0.0352
wbcnirvana,wbc3ifndef,1,0.4349,0.4,0.0676,0.8059,0.7383,-0.0349
wbcnirvana,wbcciaran,1,0.4156,0.4,0.0676,0.8059,0.7383,-0.0156
wbcnirvana,wbciron,1,0.4452,0.4,0.0676,0.8059,0.7383,-0.0452
wbcnirvana,wbciwbtc,1,0.4359,0.4,0.0676,0.8059,0.7383,-0.0359
wbcnirvana,wbcnguyenminh,1,0.3944,0.4,0.0676,0.8059,0.7383,0.0056
wbcnirvana,wbcplayer,1,0.4345,0.4,0.0676,0.8059,0.7383,-0.0345
wbcnirvana,wbczoli,1,0.3843,0.4,0.0676,0.8059,0.7383,0.0157
wbcpangbai,wbccsaba,1,0.6033,0.6,0.1941,0.9324,0.7383,-0.0033
wbcpangbai,wbckaktuszka,1,0.6038,0.6,0.1941,0.9324,0.7383,-0.0038
wbcpangbai,wbctorpe,1,0.6039,0.6,0.1941,0.9324,0.7383,-0.0039
wbcpangbai,wbcashot,1,0.4919,0.5,0.0943,0.9057,0.8114,0.0081
wbcpangbai,wbckremufka,1,0.4889,0.4,0.0676,0.8059,0.7383,-0.0889
wbcpangbai,wbcmatiss,1,0.4414,0.4,0.0676,0.8059,0.7383,-0.0414
wbcpeaceman,wbcdistilfire,1,0.5641,0.6,0.1941,0.9324,0.7383,0.0359
wbcpeaceman,wbcperoxid,1,0.584,0.6,0.1941,0.9324,0.7383,0.016
wbcpeaceman,wbclojzeidon,1,0.5068,0.4,0.0676,0.8059,0.7383,-0.1068
wbcperoxid,wbc1211,1,0.5004,0.6,0.1941,0.9324,0.7383,0.0996
wbcperoxid,wbcnguyenminh,1,0.3631,0.5,0.0943,0.9057,0.8114,0.1369
wbcperoxid,wbcangst,1,0.4661,0.4,0.0676,0.8059,0.7383,-0.0661
wbcperoxid,wbcbb,1,0.3736,0.4,0.0676,0.8059,0.7383,0.0264
wbcperoxid,wbcpeaceman,1,0.416,0.4,0.0676,0.8059,0.7383,-0.016
wbcperoxid,wbcpuholek,1,0.3529,0.4,0.0676,0.8059,0.7383,0.0471
wbcperoxid,wbcquantum,1,0.3707,0.4,0.0676,0.8059,0.7383,0.0293
wbcperoxid,wbcsiwer,1,0.4445,0.4,0.0676,0.8059,0.7383,-0.0445
wbcperoxid,wbcplayer,1,0.4021,0.4,0.0676,0.8059,0.7383,-0.0021
wbcpiggi,wbckaktuszka,1,0.5309,0.6,0.1941,0.9324,0.7383,0.0691
wbcpiggi,wbc3ifndef,1,0.4017,0.4,0.0676,0.8059,0.7383,-0.0017
wbcpiggi,wbciwbtc,1,0.4027,0.4,0.0676,0.8059,0.7383,-0.0027
wbcpiggi,wbcmartez,1,0.401,0.4,0.0676,0.8059,0.7383,-0.001
wbcpiggi,wbcmark,1,0.4359,0.4,0.0676,0.8059,0.7383,-0.0359
wbcplayer,wbcadelstepan,1,0.5785,0.6,0.1941,0.9324,0.7383,0.0215
wbcplayer,wbcasz,1,0.576,0.6,0.1941,0.9324,0.7383,0.024
wbcplayer,wbcnirvana,1,0.5655,0.6,0.1941,0.9324,0.7383,0.0345
wbcplayer,wbcperoxid,1,0.5979,0.6,0.1941,0.9324,0.7383,0.0021
wbcplayer,wbcskoupy,1,0.6015,0.6,0.1941,0.9324,0.7383,-0.0015
wbcplayer,wbcvotocek,1,0.5565,0.6,0.1941,0.9324,0.7383,0.0435
wbcplayer,wbcdistilfire,1,0.5782,0.4,0.0676,0.8059,0.7383,-0.1782
wbcplayer,wbclojzeidon,1,0.5211,0.4,0.0676,0.8059,0.7383,-0.1211
wbcplayer,wbcrostas,1,0.5432,0.4,0.0676,0.8059,0.7383,-0.1432
wbcpuholek,wbc3ifndef,1,0.5526,0.6,0.1941,0.9324,0.7383,0.0474
wbcpuholek,wbciwbtc,1,0.5536,0.6,0.1941,0.9324,0.7383,0.0464
wbcpuholek,wbclojzeidon,1,0.573,0.6,0.1941,0.9324,0.7383,0.027
wbcpuholek,wbcmartez,1,0.5519,0.6,0.1941,0.9324,0.7383,0.0481
wbcpuholek,wbcperoxid,1,0.6471,0.6,0.1941,0.9324,0.7383,-0.0471
wbcpuholek,wbcdeafbat,1,0.5845,0.6,0.1941,0.9324,0.7383,0.0155
wbcpuholek,wbcpurkys,1,0.6557,0.6,0.1941,0.9324,0.7383,-0.0557
wbcpuholek,wbcshpek,1,0.5835,0.6,0.1941,0.9324,0.7383,0.0165
wbcpurkys,wbcrichi,1,0.4931,0.6,0.1941,0.9324,0.7383,0.1069
wbcpurkys,wbcbb,1,0.3647,0.4,0.0676,0.8059,0.7383,0.0353
wbcpurkys,wbcbeetle,1,0.3533,0.4,0.0676,0.8059,0.7383,0.0467
wbcpurkys,wbccoldmind,1,0.4549,0.4,0.0676,0.8059,0.7383,-0.0549
wbcpurkys,wbcgeordie,1,0.4701,0.4,0.0676,0.8059,0.7383,-0.0701
wbcpurkys,wbcpuholek,1,0.3443,0.4,0.0676,0.8059,0.7383,0.0557
wbcpurkys,wbcg3m,1,0.3398,0.4,0.0676,0.8059,0.7383,0.0602
wbcpurkys,wbcgenghis,1,0.4352,0.4,0.0676,0.8059,0.7383,-0.0352
wbcpurkys,wbcmichi,1,0.4578,0.4,0.0676,0.8059,0.7383,-0.0578
wbcquantum,wbc3ifndef,1,0.5335,0.6,0.1941,0.9324,0.7383,0.0665
wbcquantum,wbcdistilfire,1,0.6101,0.6,0.1941,0.9324,0.7383,-0.0101
wbcquantum,wbciwbtc,1,0.5345,0.6,0.1941,0.9324,0.7383,0.0655
wbcquantum,wbclojzeidon,1,0.554,0.6,0.1941,0.9324,0.7383,0.046
wbcquantum,wbcmartez,1,0.5328,0.6,0.1941,0.9324,0.7383,0.0672
wbcquantum,wbcperoxid,1,0.6293,0.6,0.1941,0.9324,0.7383,-0.0293
wbcrichi,wbcbogimp,1,0.4332,0.4,0.0676,0.8059,0.7383,-0.0332
wbcrichi,wbchajnal,1,0.4322,0.4,0.0676,0.8059,0.7383,-0.0322
wbcrichi,wbcdeafbat,1,0.4316,0.4,0.0676,0.8059,0.7383,-0.0316
wbcrichi,wbcpurkys,1,0.5069,0.4,0.0676,0.8059,0.7383,-0.1069
wbcrichi,wbcshpek,1,0.4307,0.4,0.0676,0.8059,0.7383,-0.0307
wbcrichi,wbcset,1,0.4335,0.4,0.0676,0.8059,0.7383,-0.0335
wbcrostas,wbcmulan,1,0.5565,0.6,0.1941,0.9324,0.7383,0.0435
wbcrostas,wbcplayer,1,0.4568,0.6,0.1941,0.9324,0.7383,0.1432
wbcrostas,wbctorpe,1,0.5869,0.6,0.1941,0.9324,0.7383,0.0131
wbcrostas,wbc3ifndef,1,0.4572,0.4,0.0676,0.8059,0.7383,-0.0572
wbcrostas,wbciron,1,0.4677,0.4,0.0676,0.8059,0.7383,-0.0677
wbcrostas,wbcnguyenminh,1,0.4162,0.4,0.0676,0.8059,0.7383,-0.0162
wbcrostas,wbczoli,1,0.4059,0.4,0.0676,0.8059,0.7383,-0.0059
wbcseabow,wbcalleb,1,0.3974,0.4,0.0676,0.8059,0.7383,0.0026
wbcseabow,wbcbromozel,1,0.3756,0.4,0.0676,0.8059,0.7383,0.0244
wbcseabow,wbcfurla,1,0.3873,0.4,0.0676,0.8059,0.7383,0.0127
wbcset,wbccoldmind,1,0.5286,0.6,0.1941,0.9324,0.7383,0.0714
wbcset,wbcgeordie,1,0.5438,0.6,0.1941,0.9324,0.7383,0.0562
wbcset,wbcrichi,1,0.5665,0.6,0.1941,0.9324,0.7383,0.0335
wbcset,wbca,1,0.4355,0.4,0.0676,0.8059,0.7383,-0.0355
wbcset,wbcc,1,0.4444,0.4,0.0676,0.8059,0.7383,-0.0444
wbcset,wbcd,1,0.4333,0.4,0.0676,0.8059,0.7383,-0.0333
wbcshpek,wbcgeordie,1,0.5466,0.6,0.1941,0.9324,0.7383,0.0534
wbcshpek,wbcrichi,1,0.5693,0.6,0.1941,0.9324,0.7383,0.0307
wbcshpek,wbcgenghis,1,0.5115,0.6,0.1941,0.9324,0.7383,0.0885
wbcshpek,wbcmichi,1,0.5343,0.6,0.1941,0.9324,0.7383,0.0657
wbcshpek,wbccoldmind,1,0.5315,0.5,0.0943,0.9057,0.8114,-0.0315
wbcshpek,wbcbb,1,0.4383,0.4,0.0676,0.8059,0.7383,-0.0383
wbcshpek,wbcbeetle,1,0.4261,0.4,0.0676,0.8059,0.7383,-0.0261
wbcshpek,wbcpuholek,1,0.4165,0.4,0.0676,0.8059,0.7383,-0.0165
wbcshpek,wbcg3m,1,0.4116,0.4,0.0676,0.8059,0.7383,-0.0116
wbcsiwer,wbcdistilfire,1,0.5353,0.6,0.1941,0.9324,0.7383,0.0647
wbcsiwer,wbcperoxid,1,0.5555,0.6,0.1941,0.9324,0.7383,0.0445
wbcsiwer,wbcfurla,1,0.4407,0.5,0.0943,0.9057,0.8114,0.0593
wbcsiwer,wbcalleb,1,0.4512,0.4,0.0676,0.8059,0.7383,-0.0512
wbcsiwer,wbclojzeidon,1,0.4777,0.4,0.0676,0.8059,0.7383,-0.0777
wbcsiwer,wbcmk108,1,0.4691,0.4,0.0676,0.8059,0.7383,-0.0691
wbcskoupy,wbc1211,1,0.4967,0.6,0.1941,0.9324,0.7383,0.1033
wbcskoupy,wbcg3m,1,0.345,0.4,0.0676,0.8059,0.7383,0.055
wbcskoupy,wbcgenghis,1,0.4408,0.4,0.0676,0.8059,0.7383,-0.0408
wbcskoupy,wbcmichi,1,0.4635,0.4,0.0676,0.8059,0.7383,-0.0635
wbcskoupy,wbcplayer,1,0.3985,0.4,0.0676,0.8059,0.7383,0.0015
wbctasemnice,wbccsaba,1,0.5841,0.6,0.1941,0.9324,0.7383,0.0159
wbctasemnice,wbckaktuszka,1,0.5847,0.6,0.1941,0.9324,0.7383,0.0153
wbctasemnice,wbctorpe,1,0.5848,0.6,0.1941,0.9324,0.7383,0.0152
wbctasemnice,wbcciaran,1,0.4356,0.5,0.0943,0.9057,0.8114,0.0644
wbctasemnice,wbc3ifndef,1,0.4551,0.4,0.0676,0.8059,0.7383,-0.0551
wbctasemnice,wbciwbtc,1,0.4561,0.4,0.0676,0.8059,0.7383,-0.0561
wbctasemnice,wbcmartez,1,0.4544,0.4,0.0676,0.8059,0.7383,-0.0544
wbctasemnice,wbciron,1,0.4655,0.4,0.0676,0.8059,0.7383,-0.0655
wbctorpe,wbcfojtman,1,0.445,0.4,0.0676,0.8059,0.7383,-0.045
wbctorpe,wbctasemnice,1,0.4152,0.4,0.0676,0.8059,0.7383,-0.0152
wbctorpe,wbcasz,1,0.4457,0.4,0.0676,0.8059,0.7383,-0.0457
wbctorpe,wbcnirvana,1,0.4352,0.4,0.0676,0.8059,0.7383,-0.0352
wbctorpe,wbcpangbai,1,0.3961,0.4,0.0676,0.8059,0.7383,0.0039
wbctorpe,wbcrostas,1,0.4131,0.4,0.0676,0.8059,0.7383,-0.0131
wbctorpe,wbcuida,1,0.4345,0.4,0.0676,0.8059,0.7383,-0.0345
wbctorpe,wbcyu20,1,0.385,0.4,0.0676,0.8059,0.7383,0.015
wbctorpe,wbcwonderwall,1,0.4046,0.4,0.0676,0.8059,0.7383,-0.0046
wbcuida,wbccsaba,1,0.5648,0.6,0.1941,0.9324,0.7383,0.0352
wbcuida,wbckaktuszka,1,0.5654,0.6,0.1941,0.9324,0.7383,0.0346
wbcuida,wbctorpe,1,0.5655,0.6,0.1941,0.9324,0.7383,0.0345
wbcuida,wbca,1,0.4059,0.4,0.0676,0.8059,0.7383,-0.0059
wbcuida,wbcc,1,0.4146,0.4,0.0676,0.8059,0.7383,-0.0146
wbcuida,wbcd,1,0.4038,0.4,0.0676,0.8059,0.7383,-0.0038
wbcuida,wbcashot,1,0.4525,0.4,0.0676,0.8059,0.7383,-0.0525
wbcuida,wbckremufka,1,0.4495,0.4,0.0676,0.8059,0.7383,-0.0495
wbcuida,wbcmatiss,1,0.4028,0.4,0.0676,0.8059,0.7383,-0.0028
wbcvotocek,wbc1211,1,0.5428,0.6,0.1941,0.9324,0.7383,0.0572
wbcvotocek,wbcmichi,1,0.5096,0.6,0.1941,0.9324,0.7383,0.0904
wbcvotocek,wbcg3m,1,0.3878,0.4,0.0676,0.8059,0.7383,0.0122
wbcvotocek,wbcgenghis,1,0.4868,0.4,0.0676,0.8059,0.7383,-0.0868
wbcvotocek,wbcnguyenminh,1,0.4032,0.4,0.0676,0.8059,0.7383,-0.0032
wbcvotocek,wbcplayer,1,0.4435,0.4,0.0676,0.8059,0.7383,-0.0435
wbcwonderwall,wbccsaba,1,0.5947,0.6,0.1941,0.9324,0.7383,0.0053
wbcwonderwall,wbckaktuszka,1,0.5952,0.6,0.1941,0.9324,0.7383,0.0048
wbcwonderwall,wbctorpe,1,0.5954,0.6,0.1941,0.9324,0.7383,0.0046
wbcwonderwall,wbcciaran,1,0.4464,0.4,0.0676,0.8059,0.7383,-0.0464
wbcwonderwall,wbciron,1,0.4764,0.4,0.0676,0.8059,0.7383,-0.0764
wbcwonderwall,wbczoli,1,0.4144,0.4,0.0676,0.8059,0.7383,-0.0144
wbcyu20,wbcc,1,0.4651,0.6,0.1941,0.9324,0.7383,0.1349
wbcyu20,wbccsaba,1,0.6144,0.6,0.1941,0.9324,0.7383,-0.0144
wbcyu20,wbckaktuszka,1,0.6149,0.6,0.1941,0.9324,0.7383,-0.0149
wbcyu20,wbctorpe,1,0.615,0.6,0.1941,0.9324,0.7383,-0.015
wbcyu20,wbckremufka,1,0.5006,0.6,0.1941,0.9324,0.7383,0.0994
wbcyu20,wbcd,1,0.4539,0.5,0.0943,0.9057,0.8114,0.0461
wbcyu20,wbca,1,0.4561,0.4,0.0676,0.8059,0.7383,-0.0561
wbcyu20,wbcashot,1,0.5036,0.4,0.0676,0.8059,0.7383,-0.1036
wbcyu20,wbcmatiss,1,0.4529,0.4,0.0676,0.8059,0.7383,-0.0529
wbczoli,wbcasz,1,0.6258,0.6,0.1941,0.9324,0.7383,-0.0258
wbczoli,wbcfojtman,1,0.6251,0.6,0.1941,0.9324,0.7383,-0.0251
wbczoli,wbcnirvana,1,0.6157,0.6,0.1941,0.9324,0.7383,-0.0157
wbczoli,wbcrostas,1,0.5941,0.6,0.1941,0.9324,0.7383,0.0059
wbczoli,wbcwonderwall,1,0.5856,0.6,0.1941,0.9324,0.7383,0.0144
wbczoli,wbca,1,0.5219,0.6,0.1941,0.9324,0.7383,0.0781
wbczoli,wbcc,1,0.5309,0.6,0.1941,0.9324,0.7383,0.0691
wbczoli,wbcd,1,0.5197,0.6,0.1941,0.9324,0.7383,0.0803
